filepath,filename,md5
../2018-NEON-beetles/group_images/A00000046175.jpg,A00000046175.jpg,ea3cbb9cef140de9b2926650f89710b0
../2018-NEON-beetles/group_images/A00000022197.jpg,A00000022197.jpg,d8674743b1edf7a97d133da029835ff9
../2018-NEON-beetles/group_images/A00000051179.jpg,A00000051179.jpg,0c2e8c229e231311a1f3c4d34bb7926c
../2018-NEON-beetles/group_images/A00000040712.jpg,A00000040712.jpg,86a97b6932627fada9f7461ff961b751
../2018-NEON-beetles/group_images/A00000041430.jpg,A00000041430.jpg,b1eb585e813d304837ab579e727e91ae
../2018-NEON-beetles/group_images/A00000051623.jpg,A00000051623.jpg,acc16f20b74aaef1e045dca46c78ccb9
../2018-NEON-beetles/group_images/A00000051186.jpg,A00000051186.jpg,835778b816c3aa877f6c7011205969bd
../2018-NEON-beetles/group_images/A00000041381.jpg,A00000041381.jpg,4f3c2b9295b95825f2a6e849ae4c617c
../2018-NEON-beetles/group_images/A00000033688.jpg,A00000033688.jpg,8e2e16df13ca02b625e9d702e9533f37
../2018-NEON-beetles/group_images/MLBS_088.W.20180814.PTELAC2.jpg,MLBS_088.W.20180814.PTELAC2.jpg,bede29fb90564081f3f19715afef23b6
../2018-NEON-beetles/group_images/A00000040699.jpg,A00000040699.jpg,88307c575efd8809b972762d84a04a11
../2018-NEON-beetles/group_images/A00000051541.jpg,A00000051541.jpg,cd6f3e1060877bbbf0b741a9b7650a84
../2018-NEON-beetles/group_images/A00000051596.jpg,A00000051596.jpg,2eb8b66ce436c83fb1e05c31a43cc6aa
../2018-NEON-beetles/group_images/BART_002.S.20180712.SYNIMP.01.jpg,BART_002.S.20180712.SYNIMP.01.jpg,e57b6a785529344e1bd5a1b0c323a6d1
../2018-NEON-beetles/group_images/A00000051582.jpg,A00000051582.jpg,3da7ba5c25ecaf0aaa1bbe2b4663900b
../2018-NEON-beetles/group_images/A00000051583.jpg,A00000051583.jpg,721e4c40be65dbb1ff11d43c7f3e1f92
../2018-NEON-beetles/group_images/A00000051597.jpg,A00000051597.jpg,349fdb45ebb43f5b06b46b58133e6c7a
../2018-NEON-beetles/group_images/A00000051540.jpg,A00000051540.jpg,36a5b9497208847142a707f198a79ea9
../2018-NEON-beetles/group_images/A00000051554.jpg,A00000051554.jpg,b7e93d8de06b30d27db81fc8b798a0f0
../2018-NEON-beetles/group_images/BART_081.S.20180809.SYNIMP.01.jpg,BART_081.S.20180809.SYNIMP.01.jpg,3414bced0c186d8e7b539099a4dda613
../2018-NEON-beetles/group_images/A00000055530.jpg,A00000055530.jpg,46c9ae736435c3d3a8f0c1bc5dc87141
../2018-NEON-beetles/group_images/A00000033689.jpg,A00000033689.jpg,e6e08eb645fc698300159b78d4f0f507
../2018-NEON-beetles/group_images/BART_079.W.20180627.AGORET.01.jpg,BART_079.W.20180627.AGORET.01.jpg,1b66aa4add4a9367ba5410af1944653c
../2018-NEON-beetles/group_images/A00000051187.jpg,A00000051187.jpg,30a0a487fc5b45ff01808a3b9d90f406
../2018-NEON-beetles/group_images/A00000051622.jpg,A00000051622.jpg,e1626fc0c1acdd05a34928200883eaab
../2018-NEON-beetles/group_images/A00000041431.jpg,A00000041431.jpg,4bece31a40a1bc4abaeac089e7b3af89
../2018-NEON-beetles/group_images/A00000041419.jpg,A00000041419.jpg,2534a039c83bf9875f86e28aadf9307d
../2018-NEON-beetles/group_images/A00000051178.jpg,A00000051178.jpg,f73fc0a3a2e9aa9801817607659ddf3f
../2018-NEON-beetles/group_images/A00000040713.jpg,A00000040713.jpg,f78cd2b1e5cb671cd7d545410d677b19
../2018-NEON-beetles/group_images/A00000034535.jpg,A00000034535.jpg,8fef738bb80c8d824b832c3038edfc9c
../2018-NEON-beetles/group_images/A00000046174.jpg,A00000046174.jpg,0af24b431dab444ec5067c249f388258
../2018-NEON-beetles/group_images/A00000046176.jpg,A00000046176.jpg,11e141f3598cb5866aee7d2e91130554
../2018-NEON-beetles/group_images/A00000034537.jpg,A00000034537.jpg,a18917bfb0be6539109ee9143f53ad2e
../2018-NEON-beetles/group_images/A00000051608.jpg,A00000051608.jpg,fd5b35a65877ff5d21a41881c49e3986
../2018-NEON-beetles/group_images/A00000041433.jpg,A00000041433.jpg,a7b674f55aad5e1d77ac65a8c0cf882d
../2018-NEON-beetles/group_images/A00000051620.jpg,A00000051620.jpg,2f7f2adad6bf32ef4f40e48107a40676
../2018-NEON-beetles/group_images/HARV_008.W.20180814.PTEROS.01.jpg,HARV_008.W.20180814.PTEROS.01.jpg,bc29af5ff2eb65f1ddc1b769897e30a0
../2018-NEON-beetles/group_images/A00000051185.jpg,A00000051185.jpg,24a455e928ede726236b481eca8bc3ba
../2018-NEON-beetles/group_images/A00000041396.jpg,A00000041396.jpg,e156d20f21fd53a9e3288e30a576bfc3
../2018-NEON-beetles/group_images/A00000046228.jpg,A00000046228.jpg,bb2f90e9005fa413fb562794048e7f65
../2018-NEON-beetles/group_images/A00000033674.jpg,A00000033674.jpg,a8667918583909f4a01b0497d2a0690e
../2018-NEON-beetles/group_images/A00000051542.jpg,A00000051542.jpg,c8b5901e5e61e1475134a7bf4fea459a
../2018-NEON-beetles/group_images/A00000051556.jpg,A00000051556.jpg,1a7884ca06dc998ac3b8c3b639da2ada
../2018-NEON-beetles/group_images/BART_018.W.20180712.SYNIMP.01.jpg,BART_018.W.20180712.SYNIMP.01.jpg,0ebd7791e5f87f965189c69f2d76466b
../2018-NEON-beetles/group_images/A00000051581.jpg,A00000051581.jpg,81c544ea269f78c69d7a4bb6004d657e
../2018-NEON-beetles/group_images/A00000051595.jpg,A00000051595.jpg,3a1698c306d82c68d26012d8bcad3a75
../2018-NEON-beetles/group_images/A00000051580.jpg,A00000051580.jpg,f85f517c6631488711d987c7ef39ddda
../2018-NEON-beetles/group_images/A00000051557.jpg,A00000051557.jpg,be85cc3d40b791cffdbcbf8b8ee889f5
../2018-NEON-beetles/group_images/A00000051543.jpg,A00000051543.jpg,a45b5984df6475779dac24acc522fc3f
../2018-NEON-beetles/group_images/A00000043621.jpg,A00000043621.jpg,175d6068ad79b888d1fc87915bc788eb
../2018-NEON-beetles/group_images/A00000033675.jpg,A00000033675.jpg,6b2a04b8464e31fad53d64422d9290c9
../2018-NEON-beetles/group_images/A00000046229.jpg,A00000046229.jpg,27b6e063d6f318d00c5446218cf83f1b
../2018-NEON-beetles/group_images/A00000051184.jpg,A00000051184.jpg,98c7f0b44b95c7747511d60f37c98d4d
../2018-NEON-beetles/group_images/A00000041383.jpg,A00000041383.jpg,d0d00a8e9dd40720203256b01f2b8fac
../2018-NEON-beetles/group_images/A00000051190.jpg,A00000051190.jpg,d3b9d9269f6b348802dfa4b5b004a917
../2018-NEON-beetles/group_images/A00000051621.jpg,A00000051621.jpg,256d04d33a5d5a5bf57b8d2efbc5d133
../2018-NEON-beetles/group_images/A00000051609.jpg,A00000051609.jpg,6b2135cbe041633fb7bce8986ff7685a
../2018-NEON-beetles/group_images/A00000051386.jpg,A00000051386.jpg,80870589b35ea126a1d6d4ebe5be82ac
../2018-NEON-beetles/group_images/A00000034536.jpg,A00000034536.jpg,5c085aeb46e9019f2ea71a8c767aff34
../2018-NEON-beetles/group_images/RMNP_016.E.20180709.PTEPROZ.01(13).jpg,RMNP_016.E.20180709.PTEPROZ.01(13).jpg,c8e4461b5caea6719585163ed28b4bb4
../2018-NEON-beetles/group_images/A00000046177.jpg,A00000046177.jpg,d9abf103e30566db9808d58718e86fbe
../2018-NEON-beetles/group_images/BART_080.E.20180905.PTEPEN.01.jpg,BART_080.E.20180905.PTEPEN.01.jpg,9c8136e9223104653e8b6fe4fab8df35
../2018-NEON-beetles/group_images/A00000046173.jpg,A00000046173.jpg,18163558a8f2a6a1d8ae89e262f92f2c
../2018-NEON-beetles/group_images/A00000041422.jpg,A00000041422.jpg,eeaae3bc44c077558ba15a3e8e49cefa
../2018-NEON-beetles/group_images/A00000051625.jpg,A00000051625.jpg,e63caa3da2c3705f233b56b29c8669c7
../2018-NEON-beetles/group_images/A00000041436.jpg,A00000041436.jpg,913c6b860fae3c6d52be9c6e63b4f0ef
../2018-NEON-beetles/group_images/A00000040728.jpg,A00000040728.jpg,510d72d6e37375104e2dcf11cfddf5a4
../2018-NEON-beetles/group_images/A00000044566.jpg,A00000044566.jpg,a6711d220f78ec7f6f6cccda198e5700
../2018-NEON-beetles/group_images/A00000051619.jpg,A00000051619.jpg,1129a9a3423a626c920780abfd7b5f29
../2018-NEON-beetles/group_images/A00000051180.jpg,A00000051180.jpg,22e073ca07cba797d90d74c68f74f6fd
../2018-NEON-beetles/group_images/A00000022146.jpg,A00000022146.jpg,3e2bdfaed6178ca0dab8b09d391147e2
../2018-NEON-beetles/group_images/A00000033671.jpg,A00000033671.jpg,9cf3f1f34e6f3ef3a6358b76174eb309
../2018-NEON-beetles/group_images/A00000051547.jpg,A00000051547.jpg,f8f8140747876730c26794ac477ba9a4
../2018-NEON-beetles/group_images/A00000051553.jpg,A00000051553.jpg,29b92877d2aee2a1e9cdbfb3fb7287e3
../2018-NEON-beetles/group_images/A00000051584.jpg,A00000051584.jpg,bd65b2494cf33925c1bb540e03f12dac
../2018-NEON-beetles/group_images/A00000051590.jpg,A00000051590.jpg,d76f2ade39560134df2d3d6cd40cbc4d
../2018-NEON-beetles/group_images/A00000051591.jpg,A00000051591.jpg,ca3d73d024a62f7f8618a000af1c8804
../2018-NEON-beetles/group_images/A00000051585.jpg,A00000051585.jpg,3591c241e8936fbfab01e0ce9f0452d1
../2018-NEON-beetles/group_images/STER_032.W.20180920.HARPEN.01(20).jpg,STER_032.W.20180920.HARPEN.01(20).jpg,ed34efc952a25cc2d8c0e748b5ee8c88
../2018-NEON-beetles/group_images/A00000051552.jpg,A00000051552.jpg,d8fb3995bb860f6016d2847e1289ab7e
../2018-NEON-beetles/group_images/A00000051546.jpg,A00000051546.jpg,8b9a3d14c0c4cfcb106efda71a78dc1b
../2018-NEON-beetles/group_images/A00000032963.jpg,A00000032963.jpg,922b91bf8d70786d5e53f5880e925d79
../2018-NEON-beetles/group_images/A00000033658.jpg,A00000033658.jpg,d1565fafea9ed0e8c7c00971aec9a32b
../2018-NEON-beetles/group_images/A00000033670.jpg,A00000033670.jpg,1b663693eecb887ff6171397be628233
../2018-NEON-beetles/group_images/A00000008976.jpg,A00000008976.jpg,747c67371d195d2270d33a6485cd661f
../2018-NEON-beetles/group_images/A00000008962.jpg,A00000008962.jpg,e36333e1fc2fd3e4d7237e37a5130234
../2018-NEON-beetles/group_images/A00000051181.jpg,A00000051181.jpg,54da9e6f86ade55d8d81ea03a8d90b39
../2018-NEON-beetles/group_images/A00000051618.jpg,A00000051618.jpg,397c6e088cc76ca091566167489e28a9
../2018-NEON-beetles/group_images/A00000044567.jpg,A00000044567.jpg,0fdd966ae2c493fad9e886ad4eed6a26
../2018-NEON-beetles/group_images/A00000040729.jpg,A00000040729.jpg,05784c515c8fd477aecae24beddc3e35
../2018-NEON-beetles/group_images/A00000051624.jpg,A00000051624.jpg,642f554e3160f3d11cb998a4a92cc742
../2018-NEON-beetles/group_images/CPER_003.S.20180719.EURGRO.01(45).jpg,CPER_003.S.20180719.EURGRO.01(45).jpg,512cdad7fd5edc6295a5d8bb51c3232b
../2018-NEON-beetles/group_images/A00000059907.jpg,A00000059907.jpg,ac67fe021eb015e354deff2f59959fc4
../2018-NEON-beetles/group_images/A00000046172.jpg,A00000046172.jpg,410165d120a369ecd67ecd250085536f
../2018-NEON-beetles/group_images/A00000051626.jpg,A00000051626.jpg,217e8f878cb450c664f4451d7b177e81
../2018-NEON-beetles/group_images/A00000040717.jpg,A00000040717.jpg,59569da53882a66c7d6c587c21a052b9
../2018-NEON-beetles/group_images/A00000051168.jpg,A00000051168.jpg,e9e0e7d915eea21aabbb4a7f2c75a055
../2018-NEON-beetles/group_images/A00000040703.jpg,A00000040703.jpg,15122555eb84f13560e1a53f37c4dfce
../2018-NEON-beetles/group_images/A00000051183.jpg,A00000051183.jpg,a87bf2a081e983ddd87e5573f1a28159
../2018-NEON-beetles/group_images/A00000040677.jpg,A00000040677.jpg,d1a81436950650dc28594dfd1d2aa6c0
../2018-NEON-beetles/group_images/BART_068.E.20180627.SYNIMP.01.jpg,BART_068.E.20180627.SYNIMP.01.jpg,fad689231da255b1e4bb4e32e7fe12f5
../2018-NEON-beetles/group_images/A00000033672.jpg,A00000033672.jpg,0397803650252c8dcafd09d66a99c666
../2018-NEON-beetles/group_images/A00000040688.jpg,A00000040688.jpg,9048d1ed0de7b85330d953288572c65c
../2018-NEON-beetles/group_images/A00000051550.jpg,A00000051550.jpg,efbe0d0c24ffc729641e44a0e714d97d
../2018-NEON-beetles/group_images/MLBS_010.E.20180522.jpg,MLBS_010.E.20180522.jpg,b11055523619e623cdf80777c7efb0b0
../2018-NEON-beetles/group_images/A00000051544.jpg,A00000051544.jpg,6d8887b3f39224bd7ba745400746fca0
../2018-NEON-beetles/group_images/A00000051578.jpg,A00000051578.jpg,6782a2543ba150f4ef7dd0b37f43cee7
../2018-NEON-beetles/group_images/A00000051593.jpg,A00000051593.jpg,dd911e75f7f9bbb75df3929044d2b944
../2018-NEON-beetles/group_images/A00000051587.jpg,A00000051587.jpg,28a8b59cdc38e26422ac9a7ab0f2899d
../2018-NEON-beetles/group_images/A00000051586.jpg,A00000051586.jpg,3d475d4a6cabbe1767a1e598eeb2093f
../2018-NEON-beetles/group_images/A00000051592.jpg,A00000051592.jpg,5c7ab7652ca33a2984cef79a7244b364
../2018-NEON-beetles/group_images/A00000051579.jpg,A00000051579.jpg,4d4d324506ccbbeadd573390a784aca3
../2018-NEON-beetles/group_images/A00000051545.jpg,A00000051545.jpg,0f25cf4a3f55b3dac2b6d67de731ea0b
../2018-NEON-beetles/group_images/A00000121908.jpg,A00000121908.jpg,3f780239977e620fb1cfa6717d721fd8
../2018-NEON-beetles/group_images/A00000051551.jpg,A00000051551.jpg,c48333b02f9f172c7ac4341208a26534
../2018-NEON-beetles/group_images/A00000001831.jpg,A00000001831.jpg,6d78d3ba5b2a53b2b61406db9c06628a
../2018-NEON-beetles/group_images/MOAB_001.E.20180724.CILPUW.01.jpg,MOAB_001.E.20180724.CILPUW.01.jpg,ca4654c6729d668b262b63f68d19967a
../2018-NEON-beetles/group_images/B00000007007.jpg,B00000007007.jpg,8858bf8ad1c015dcc435932b7175c7d9
../2018-NEON-beetles/group_images/A00000040689.jpg,A00000040689.jpg,4cd802b9123893c85b37cfe0c368d690
../2018-NEON-beetles/group_images/A00000033673.jpg,A00000033673.jpg,8fb550fee8590e9c545c996b50cb094d
../2018-NEON-beetles/group_images/A00000040676.jpg,A00000040676.jpg,65cfed80232bb9ab4e4f23a37f6f0889
../2018-NEON-beetles/group_images/A00000051182.jpg,A00000051182.jpg,4a4ff5efaf9974f35708ebce311c011f
../2018-NEON-beetles/group_images/A00000051169.jpg,A00000051169.jpg,d605578c5e33d131e6cadc5d47586715
../2018-NEON-beetles/group_images/A00000041420.jpg,A00000041420.jpg,515b78ab54f426eb38fcf226a522e763
../2018-NEON-beetles/group_images/A00000051627.jpg,A00000051627.jpg,7ebffe10923902aec4ed61c62d321488
../2018-NEON-beetles/group_images/A00000045134.jpg,A00000045134.jpg,18c3e4259765412b3d400d41037ffd43
../2018-NEON-beetles/group_images/RMNP_007.S.20180723.CALADV.01(23).jpg,RMNP_007.S.20180723.CALADV.01(23).jpg,078172487a46321bdbe5939e98e35c38
../2018-NEON-beetles/group_images/B00000006709.jpg,B00000006709.jpg,6df738003a63ad2241afdbb426239e8c
../2018-NEON-beetles/group_images/A00000046171.jpg,A00000046171.jpg,adade580023bba4a3c34ac6a86257250
../2018-NEON-beetles/group_images/A00000055119.jpg,A00000055119.jpg,88373e4f86f39ed4bf92c863810658a3
../2018-NEON-beetles/group_images/A00000046102.jpg,A00000046102.jpg,4d275c410f54a73998693ccb14a482d9
../2018-NEON-beetles/group_images/A00000033589.jpg,A00000033589.jpg,a291213b5cc73671b572c8373c91d0f0
../2018-NEON-beetles/group_images/A00000046116.jpg,A00000046116.jpg,920960ab2df101265c64bd7dff1379f5
../2018-NEON-beetles/group_images/A00000009167.jpg,A00000009167.jpg,dcd5c31c7de0171d7a39095843c13ff1
../2018-NEON-beetles/group_images/A00000059787.jpg,A00000059787.jpg,7198e7765acec476ab6f59ba43f3cbaf
../2018-NEON-beetles/group_images/A00000034557.jpg,A00000034557.jpg,2c39ff3e631868c21e5ebceba25ad0b1
../2018-NEON-beetles/group_images/A00000034543.jpg,A00000034543.jpg,121b0ccafd662918415f17087132dcc1
../2018-NEON-beetles/group_images/A00000046300.jpg,A00000046300.jpg,793a5541e046b2b4d764cdcffc9ab47b
../2018-NEON-beetles/group_images/A00000049741.jpg,A00000049741.jpg,752313eee0e8e5fc3a5f06789826b517
../2018-NEON-beetles/group_images/A00000049769.jpg,A00000049769.jpg,81d95ae8bb2ab695b17ca086f9339ed4
../2018-NEON-beetles/group_images/DELA_005.S.20180618.CYCCON2.01.jpg,DELA_005.S.20180618.CYCCON2.01.jpg,a51f0e7b909652569d9f52af2c9b83e6
../2018-NEON-beetles/group_images/A00000069240.jpg,A00000069240.jpg,826adfd2ea44cb99f8e9c63ea96f883d
../2018-NEON-beetles/group_images/A00000049812.jpg,A00000049812.jpg,ba865ee8e3ce185157826ab3c84d66b6
../2018-NEON-beetles/group_images/A00000046076.jpg,A00000046076.jpg,cac11ac9106ac3be187ccb02e8a6ebd1
../2018-NEON-beetles/group_images/A00000012427.jpg,A00000012427.jpg,435f3c48abc1cdddc2cd183bf65d82de
../2018-NEON-beetles/group_images/A00000012433.jpg,A00000012433.jpg,16b030ab07855496d77ed20d4b7de232
../2018-NEON-beetles/group_images/A00000051536.jpg,A00000051536.jpg,bb510ff681373ae20cb868c0d3ab3e62
../2018-NEON-beetles/group_images/A00000051522.jpg,A00000051522.jpg,8eb9fecf94b8376edfc18e0dfbcf0404
../2018-NEON-beetles/group_images/A00000046089.jpg,A00000046089.jpg,a91b90703c5803a0ba8123b6c9d65fe1
../2018-NEON-beetles/group_images/A00000046088.jpg,A00000046088.jpg,4c444a6c4ca79dd33f5217aaeb17543e
../2018-NEON-beetles/group_images/A00000051523.jpg,A00000051523.jpg,03e713dd089a012fc2eaf7ba1a26b463
../2018-NEON-beetles/group_images/CPER_006.E.20180524.AXIBIP.01(11).jpg,CPER_006.E.20180524.AXIBIP.01(11).jpg,2e12a53a4de72255d0d9309fc34f96f1
../2018-NEON-beetles/group_images/A00000051537.jpg,A00000051537.jpg,fc82c817289a70e28bde904791dc7948
../2018-NEON-beetles/group_images/A00000032912.jpg,A00000032912.jpg,3737407d06af2b082074140f5ed89198
../2018-NEON-beetles/group_images/A00000012432.jpg,A00000012432.jpg,114218fbf4ab3a2795af49937d8fca65
../2018-NEON-beetles/group_images/A00000046077.jpg,A00000046077.jpg,25a7032e375c206bd55136c53ec283a3
../2018-NEON-beetles/group_images/A00000033601.jpg,A00000033601.jpg,c05fde8e23f806044087fff7ffbde5e5
../2018-NEON-beetles/group_images/A00000069269.jpg,A00000069269.jpg,1071cdfe8bcc640234dcd3036b4b9d79
../2018-NEON-beetles/group_images/A00000069241.jpg,A00000069241.jpg,5a42107056bff1bcf83b9db8bec26c68
../2018-NEON-beetles/group_images/A00000049797.jpg,A00000049797.jpg,a7a98e68306bf9db2ddaa7c43f801f13
../2018-NEON-beetles/group_images/BART_002.W.20180809.PTECORI.01.jpg,BART_002.W.20180809.PTECORI.01.jpg,1c283b46b3ea5ea1e4e838808aa1cdb4
../2018-NEON-beetles/group_images/A00000049768.jpg,A00000049768.jpg,a0143246665ff5aa5f2ce7cdf62e1edc
../2018-NEON-beetles/group_images/A00000046301.jpg,A00000046301.jpg,903b84ec7564ee6eb1f0e2e36f2df38c
../2018-NEON-beetles/group_images/A00000034542.jpg,A00000034542.jpg,53f65ed770399c70ce5bb571de56a277
../2018-NEON-beetles/group_images/A00000034556.jpg,A00000034556.jpg,50587728f94985fd0fb102344a2aa0bf
../2018-NEON-beetles/group_images/A00000059786.jpg,A00000059786.jpg,b4daada8c7b33f22538f8a9125fced8b
../2018-NEON-beetles/group_images/A00000051555_2.jpg,A00000051555_2.jpg,6c53df17aa2bdbcf8aa51eca2dc34bcc
../2018-NEON-beetles/group_images/A00000046117.jpg,A00000046117.jpg,8d6cc59f958c95ee90e984874828b48a
../2018-NEON-beetles/group_images/A00000033588.jpg,A00000033588.jpg,7ba96f81bc62800ccd2a4deadc2f6f9e
../2018-NEON-beetles/group_images/A00000009166.jpg,A00000009166.jpg,2625b7099c85e316e81bc453404f17fc
../2018-NEON-beetles/group_images/A00000050013.jpg,A00000050013.jpg,896b3319e5f1194291a1af780c55b673
../2018-NEON-beetles/group_images/A00000046103.jpg,A00000046103.jpg,3ac540fc8c783ef684194540bd03f6a3
../2018-NEON-beetles/group_images/A00000009164.jpg,A00000009164.jpg,9cbcbe31c996afb6a41549d96b7ef551
../2018-NEON-beetles/group_images/A00000046115.jpg,A00000046115.jpg,5ea478123a6f97432b34e26480b8dd6b
../2018-NEON-beetles/group_images/A00000046101.jpg,A00000046101.jpg,21a7a199d34272d64f8cdeeefb4a5cf5
../2018-NEON-beetles/group_images/A00000009170.jpg,A00000009170.jpg,72b0d971746de02a1d1a7eb14c54397a
../2018-NEON-beetles/group_images/A00000041652.jpg,A00000041652.jpg,80bd56d9d75e7749e3bc40762996017b
../2018-NEON-beetles/group_images/A00000050039.jpg,A00000050039.jpg,28c338fa77b23e025a993375b4d2edde
../2018-NEON-beetles/group_images/A00000034540.jpg,A00000034540.jpg,ad613210c58f523580603af9d48f412d
../2018-NEON-beetles/group_images/A00000059784.jpg,A00000059784.jpg,580af6c7105aa3ee53c3491169ad02d1
../2018-NEON-beetles/group_images/A00000034554.jpg,A00000034554.jpg,9dabaef6235d28fef27e2181e134603d
../2018-NEON-beetles/group_images/A00000034568.jpg,A00000034568.jpg,10b76814acd49f3acfa9971e9921eccf
../2018-NEON-beetles/group_images/A00000049742.jpg,A00000049742.jpg,c88cb251cfece796855fec9f311a05ac
../2018-NEON-beetles/group_images/A00000012961.jpg,A00000012961.jpg,f6b8e904e721a8ab35caac23ca1909b9
../2018-NEON-beetles/group_images/A00000069243.jpg,A00000069243.jpg,c4155c2fd1b2bdca95169f8fdbde7b0c
../2018-NEON-beetles/group_images/A00000069257.jpg,A00000069257.jpg,a5632eed3c22b1bf5d32fd1523243a38
../2018-NEON-beetles/group_images/A00000033603.jpg,A00000033603.jpg,5fcff1b8d4a3bff3f3463008e6c78efd
../2018-NEON-beetles/group_images/A00000012430.jpg,A00000012430.jpg,8f326948d67ec8671a8e0af846f3c092
../2018-NEON-beetles/group_images/A00000046075.jpg,A00000046075.jpg,d227e875f47f4b70b241f1c067661d1d
../2018-NEON-beetles/group_images/A00000051521.jpg,A00000051521.jpg,a66818cefe9ab8131d17a7cdf8814a6c
../2018-NEON-beetles/group_images/A00000051535.jpg,A00000051535.jpg,91eadc7df87cd2ca43cbcea04c8843d0
../2018-NEON-beetles/group_images/A00000051534.jpg,A00000051534.jpg,afbf1ffa3af8aaf93808e0f4567480df
../2018-NEON-beetles/group_images/A00000051520.jpg,A00000051520.jpg,752e87b7ef89fd7ecd545bbd2704ecef
../2018-NEON-beetles/group_images/A00000046074.jpg,A00000046074.jpg,574fdd7c63838bcfb1f27b42ba3d3da5
../2018-NEON-beetles/group_images/A00000012431.jpg,A00000012431.jpg,7b2604718fd0cf526142225420847c35
../2018-NEON-beetles/group_images/CPER_004.E.20180621.EURGRO.01(15).jpg,CPER_004.E.20180621.EURGRO.01(15).jpg,265bdd20a3735ce37bd4e5c957c2af83
../2018-NEON-beetles/group_images/A00000033602.jpg,A00000033602.jpg,0ef4361942a35eda004d891bc33e95ef
../2018-NEON-beetles/group_images/A00000069242.jpg,A00000069242.jpg,f793ce4a1c475304beea4fef47198eb2
../2018-NEON-beetles/group_images/A00000049743.jpg,A00000049743.jpg,ef3038874e3553887df07c127b28bd4d
../2018-NEON-beetles/group_images/A00000034569.jpg,A00000034569.jpg,aad36335752675ae560d08f2a2439baf
../2018-NEON-beetles/group_images/A00000034555.jpg,A00000034555.jpg,e85755bff1c717a7b20cc9caac5cfe34
../2018-NEON-beetles/group_images/A00000059785.jpg,A00000059785.jpg,5582559fcde53797227cc0bf46e50912
../2018-NEON-beetles/group_images/A00000034541.jpg,A00000034541.jpg,22df72934ac68d74cec7645912f0a16a
../2018-NEON-beetles/group_images/STER_027.E.20180726.POESCI.01(10).jpg,STER_027.E.20180726.POESCI.01(10).jpg,fc7b12b62e19c2bf9615a5e5170d76de
../2018-NEON-beetles/group_images/A00000041653.jpg,A00000041653.jpg,b4984f46e4624e9d3e6eb89248563ca0
../2018-NEON-beetles/group_images/A00000050038.jpg,A00000050038.jpg,4007d3dca73f568546317dfbaf30de43
../2018-NEON-beetles/group_images/A00000051555_1.jpg,A00000051555_1.jpg,a23503806243515f63e6db30047d5495
../2018-NEON-beetles/group_images/A00000046100.jpg,A00000046100.jpg,8c276945f2ce3f51872d0b6bfbeb8f51
../2018-NEON-beetles/group_images/A00000009171.jpg,A00000009171.jpg,e07ec400245674543fc048fcd26a0f95
../2018-NEON-beetles/group_images/A00000046114.jpg,A00000046114.jpg,a20331c1105703d17030c262573fef19
../2018-NEON-beetles/group_images/A00000050028.jpg,A00000050028.jpg,5d27562837acf31c63d720f974296fef
../2018-NEON-beetles/group_images/A00000009149.jpg,A00000009149.jpg,c16500a2ca1344cf2b40a6e5dc0a48cc
../2018-NEON-beetles/group_images/A00000046138.jpg,A00000046138.jpg,820137cb8fbcc75de42ae023a739851c
../2018-NEON-beetles/group_images/A00000046110.jpg,A00000046110.jpg,ea3850ba91ae4326d15b9b4734604fcf
../2018-NEON-beetles/group_images/A00000050014.jpg,A00000050014.jpg,76e6765305669fcc9c02571f2cddea8c
../2018-NEON-beetles/group_images/A00000046104.jpg,A00000046104.jpg,27e9337a90256cf5160c43c237fe3719
../2018-NEON-beetles/group_images/A00000033570.jpg,A00000033570.jpg,7b5ed6de154672ad6007b584d367c5a2
../2018-NEON-beetles/group_images/A00000034545.jpg,A00000034545.jpg,62820710e9256b2606a7c2215320e476
../2018-NEON-beetles/group_images/A00000059781.jpg,A00000059781.jpg,cb11f8034bd73f4fe93ad4af0378535f
../2018-NEON-beetles/group_images/A00000034551.jpg,A00000034551.jpg,891596178863ec8ebc27df0c5431fd47
../2018-NEON-beetles/group_images/A00000049747.jpg,A00000049747.jpg,8cbac367ca9b3137572548a7133ed6bd
../2018-NEON-beetles/group_images/A00000008914.jpg,A00000008914.jpg,0e906565f6b62b7666cf33562bd31528
../2018-NEON-beetles/group_images/MOAB_001.S.20180724.jpg,MOAB_001.S.20180724.jpg,aaf37aa91f76a161e288ffc191ec3e83
../2018-NEON-beetles/group_images/A00000046299.jpg,A00000046299.jpg,af2673a7fb826773359ce6ddd25693b3
../2018-NEON-beetles/group_images/A00000033606.jpg,A00000033606.jpg,b45d6852822dc84f377385b2172a17b8
../2018-NEON-beetles/group_images/A00000069246.jpg,A00000069246.jpg,367b766881679fee9d0adcef967fc408
../2018-NEON-beetles/group_images/A00000051524.jpg,A00000051524.jpg,4a6758fd3722ba56c128b05278954705
../2018-NEON-beetles/group_images/A00000051530.jpg,A00000051530.jpg,1763628cb70669c1ef152bfa265104c9
../2018-NEON-beetles/group_images/A00000012435.jpg,A00000012435.jpg,40f5bcc6b9c6ca800950f650504a4b58
../2018-NEON-beetles/group_images/A00000009015.jpg,A00000009015.jpg,fb244a44016e777a9587a1b8d741d520
../2018-NEON-beetles/group_images/A00000046070.jpg,A00000046070.jpg,e54e3235063da435c999884edb3cedd6
../2018-NEON-beetles/group_images/A00000032929.jpg,A00000032929.jpg,e2110ecefbf13d48f20fb4a51c6ff5a9
../2018-NEON-beetles/group_images/BART_079.E.20180905.PTEPEN.01.jpg,BART_079.E.20180905.PTEPEN.01.jpg,e5d563bfbd97d7048e80dc51ec9ad87e
../2018-NEON-beetles/group_images/A00000046071.jpg,A00000046071.jpg,023fbd073b3aa9a3b6e6e4abff7c430c
../2018-NEON-beetles/group_images/A00000051519.jpg,A00000051519.jpg,9c2ad67becc4f733877674becfba7632
../2018-NEON-beetles/group_images/A00000012434.jpg,A00000012434.jpg,5569befd2459383232761ebfbc9d05a2
../2018-NEON-beetles/group_images/A00000051531.jpg,A00000051531.jpg,78a877dac3ee162d567feefaeab3b07e
../2018-NEON-beetles/group_images/A00000051525.jpg,A00000051525.jpg,9273104c7dd08d80916248870ed4e5d7
../2018-NEON-beetles/group_images/A00000069247.jpg,A00000069247.jpg,05d2093d4d5cc98e6b50089af6929ded
../2018-NEON-beetles/group_images/A00000033607.jpg,A00000033607.jpg,4092468015024b6afcc5e001c92c93e7
../2018-NEON-beetles/group_images/A00000046298.jpg,A00000046298.jpg,0294a53d5eca54310d59988095111ec4
../2018-NEON-beetles/group_images/A00000022093.jpg,A00000022093.jpg,44e7e800bf845b4f6d945cd012bbd2bc
../2018-NEON-beetles/group_images/A00000008915.jpg,A00000008915.jpg,075c794480ae538e2ab466e4dc01e00f
../2018-NEON-beetles/group_images/A00000049746.jpg,A00000049746.jpg,134682af10269a66b3381ddbbc400944
../2018-NEON-beetles/group_images/A00000034550.jpg,A00000034550.jpg,4df03864253fa2140e4e20ff1ece2798
../2018-NEON-beetles/group_images/A00000059780.jpg,A00000059780.jpg,2c748aef8aa4682c672e8e2650de645d
../2018-NEON-beetles/group_images/A00000034544.jpg,A00000034544.jpg,98b2f71e9c343cf3b448e3e1bb6459ca
../2018-NEON-beetles/group_images/A00000033571.jpg,A00000033571.jpg,d96f93cfd3d8e20e4ac65a63d43e856c
../2018-NEON-beetles/group_images/A00000046105.jpg,A00000046105.jpg,1c7b1f251ad2c288f24368683f80032c
../2018-NEON-beetles/group_images/A00000046111.jpg,A00000046111.jpg,afe365023d53aa789f8ca12ee2b08e4a
../2018-NEON-beetles/group_images/MLBS_009.W.20180522.CARABID.CARGOR(20).jpg,MLBS_009.W.20180522.CARABID.CARGOR(20).jpg,a989efdc0ef764c361a519c9ce6d3b20
../2018-NEON-beetles/group_images/A00000050015.jpg,A00000050015.jpg,2f0b3f24df4bb538caf3ec9b938677b3
../2018-NEON-beetles/group_images/A00000009160.jpg,A00000009160.jpg,e379d4d482cb58c95157e8809acb992a
../2018-NEON-beetles/group_images/A00000050029.jpg,A00000050029.jpg,40fe19608ee77be108f019509d5b6454
../2018-NEON-beetles/group_images/A00000046107.jpg,A00000046107.jpg,2aa1496f07c05ccc2d6cacc689e301c9
../2018-NEON-beetles/group_images/A00000009162.jpg,A00000009162.jpg,d2aa57faf8a101f49d01abb5ed3e606a
../2018-NEON-beetles/group_images/A00000050017.jpg,A00000050017.jpg,04c6b939f9b2b1e7afe4dbd500969c4d
../2018-NEON-beetles/group_images/A00000033567.jpg,A00000033567.jpg,71b0aad32ce3391d03a161d55100494e
../2018-NEON-beetles/group_images/A00000033573.jpg,A00000033573.jpg,2b2906abb92a985ef3539e9cf53f1536
../2018-NEON-beetles/group_images/B00000006743.jpg,B00000006743.jpg,6b47c8e4b643ad5a0cbb009a3ed9a69a
../2018-NEON-beetles/group_images/A00000059782.jpg,A00000059782.jpg,db3b0ae5b158b3304e524d93c7113b6f
../2018-NEON-beetles/group_images/A00000034546.jpg,A00000034546.jpg,16eb709e28b99637e9fbe985136d644f
../2018-NEON-beetles/group_images/A00000049750.jpg,A00000049750.jpg,e9bd2bc01fb23aea1f22fcccc6ce56a7
../2018-NEON-beetles/group_images/A00000046305.jpg,A00000046305.jpg,85c5133aa4d90799f7f82aec4bc0dea0
../2018-NEON-beetles/group_images/A00000049744.jpg,A00000049744.jpg,34589ad36841618bfdda52ae2d265c1e
../2018-NEON-beetles/group_images/A00000056857.jpg,A00000056857.jpg,91c477baa4d227f786a254ebff3e49b7
../2018-NEON-beetles/group_images/A00000055219.jpg,A00000055219.jpg,047dd9f02496bcab28f935c813683f98
../2018-NEON-beetles/group_images/A00000033605.jpg,A00000033605.jpg,8d20f6a8ec0ba11616e14f371f936163
../2018-NEON-beetles/group_images/A00000033639.jpg,A00000033639.jpg,f46e20ad1a03c2466e8df4d5e9625464
../2018-NEON-beetles/group_images/A00000051533.jpg,A00000051533.jpg,d905cb928c9dc58ffb6c5b47405d7657
../2018-NEON-beetles/group_images/A00000051527.jpg,A00000051527.jpg,553e2ee011106ba4df438cf5c5acba47
../2018-NEON-beetles/group_images/A00000046073.jpg,A00000046073.jpg,430f1714c4db174bbe8c04b9b577fcc3
../2018-NEON-beetles/group_images/A00000012436.jpg,A00000012436.jpg,837083b36739a033444bcfd600ea0b0c
../2018-NEON-beetles/group_images/A00000046098.jpg,A00000046098.jpg,bac4b0f34ef122e5b52a6f7da7524036
../2018-NEON-beetles/group_images/A00000046099.jpg,A00000046099.jpg,55019e3fd1453908c3e70c67ce5f87c9
../2018-NEON-beetles/group_images/A00000046072.jpg,A00000046072.jpg,9d0505141889b068a80d95909ef78533
../2018-NEON-beetles/group_images/A00000051526.jpg,A00000051526.jpg,b56aa3e469ca786afeb472edbb13696b
../2018-NEON-beetles/group_images/A00000051532.jpg,A00000051532.jpg,b1f2fee1e995c2f9b4b37ec6f8fd3d23
../2018-NEON-beetles/group_images/A00000069244.jpg,A00000069244.jpg,ed89768c501f818463cdd821d44c180c
../2018-NEON-beetles/group_images/A00000033638.jpg,A00000033638.jpg,870d8dfb47c113b757969518e95dea69
../2018-NEON-beetles/group_images/A00000033604.jpg,A00000033604.jpg,ae82aca2f2953cdf3483900c06dda659
../2018-NEON-beetles/group_images/A00000008916.jpg,A00000008916.jpg,424f2a0d967a62d9cc8ce943383b15d0
../2018-NEON-beetles/group_images/A00000049745.jpg,A00000049745.jpg,3e8621e030fa9a9144b233ca7f865ecc
../2018-NEON-beetles/group_images/A00000049751.jpg,A00000049751.jpg,9eec62dc1a158b4c600abd36068f46d7
../2018-NEON-beetles/group_images/A00000034547.jpg,A00000034547.jpg,eee3915a6577c3734b0a677f95b24eec
../2018-NEON-beetles/group_images/BART_018.S.20180906.SYNIMP.01.jpg,BART_018.S.20180906.SYNIMP.01.jpg,3e9137084d2d179c7c8e94be912cc041
../2018-NEON-beetles/group_images/A00000034553.jpg,A00000034553.jpg,34a5e33bb40638234348f4fef42e7b27
../2018-NEON-beetles/group_images/A00000059783.jpg,A00000059783.jpg,b27fa1eb8dc85dabb5e5843720b1cfa5
../2018-NEON-beetles/group_images/A00000033572.jpg,A00000033572.jpg,62a385f026426b0421f248b848664c70
../2018-NEON-beetles/group_images/A00000050016.jpg,A00000050016.jpg,19b70e95a4a999a36eb398240f0e4fd6
../2018-NEON-beetles/group_images/RMNP_007.W.20180917.PTEPROZ.01(13).jpg,RMNP_007.W.20180917.PTEPROZ.01(13).jpg,e85d95d84b0630eb42a4944afbfd1a27
../2018-NEON-beetles/group_images/A00000046106.jpg,A00000046106.jpg,62eb64818402c61c69fe0c3d8247228f
../2018-NEON-beetles/group_images/A00000094703.jpg,A00000094703.jpg,bb85109f87a171e73efab90cac160b3a
../2018-NEON-beetles/group_images/A00000046123.jpg,A00000046123.jpg,c61c21669aa3b5d70e163dc4a68e970b
../2018-NEON-beetles/group_images/A00000046137.jpg,A00000046137.jpg,1627985afe8e6f15b7e21f8ff792da10
../2018-NEON-beetles/group_images/A00000050033.jpg,A00000050033.jpg,98f0c685ecbf877cab76784356de3c30
../2018-NEON-beetles/group_images/A00000034562.jpg,A00000034562.jpg,7760333bd704fcd784931b6a828cfd7a
../2018-NEON-beetles/group_images/A00000095384.jpg,A00000095384.jpg,695bdf54c54d1298205323303d2d5082
../2018-NEON-beetles/group_images/A00000049774.jpg,A00000049774.jpg,11e50d7ba5281de964e553988d07c33b
../2018-NEON-beetles/group_images/A00000049760.jpg,A00000049760.jpg,bbeaff3018a913a8b57800abe9880d8d
../2018-NEON-beetles/group_images/A00000049748.jpg,A00000049748.jpg,0c11a5cd727fa5b35b9ddd04458586d8
../2018-NEON-beetles/group_images/A00000055215.jpg,A00000055215.jpg,ff137ec31d86e5b252b98fa07e89c6ce
../2018-NEON-beetles/group_images/A00000069261.jpg,A00000069261.jpg,eb72dfa0aa719903efd8cab722dfa5db
../2018-NEON-beetles/group_images/A00000033635.jpg,A00000033635.jpg,91f21036d2a90886d06837d267468193
../2018-NEON-beetles/group_images/A00000033621.jpg,A00000033621.jpg,127c9d202d921aa922a757c53028c5ec
../2018-NEON-beetles/group_images/A00000046094.jpg,A00000046094.jpg,b5ed0d189c582db19de6da0801b93000
../2018-NEON-beetles/group_images/A00000046080.jpg,A00000046080.jpg,c05ddf0fdc102fb93bcd72d9b80785d2
../2018-NEON-beetles/group_images/A00000046081.jpg,A00000046081.jpg,1272b3f21f38847eae9d0ea0ab231b3c
../2018-NEON-beetles/group_images/A00000046095.jpg,A00000046095.jpg,a1ae7cea5f4d1adb24f284a13a80bf3f
../2018-NEON-beetles/group_images/A00000033620.jpg,A00000033620.jpg,93a0693392d8535dd1ae63bec7b7442a
../2018-NEON-beetles/group_images/A00000033634.jpg,A00000033634.jpg,6a0cefa2702682cc87c39f0e9fa5a760
../2018-NEON-beetles/group_images/A00000069260.jpg,A00000069260.jpg,a2f9611b531179aa3e201d34a397722d
../2018-NEON-beetles/group_images/A00000049749.jpg,A00000049749.jpg,d10b063e6f5d2a74c7a0e8ff02e6a4c5
../2018-NEON-beetles/group_images/A00000095385.jpg,A00000095385.jpg,b977af4e80a10dd010c304586eb0540f
../2018-NEON-beetles/group_images/A00000034563.jpg,A00000034563.jpg,bdfe25830007ec934f366c12d774223a
../2018-NEON-beetles/group_images/CPER_004.E.20180705.EURGRO.01(14).jpg,CPER_004.E.20180705.EURGRO.01(14).jpg,d2219bcc194d3442fc9bedc730f7d01b
../2018-NEON-beetles/group_images/A00000050032.jpg,A00000050032.jpg,92d5549d3306a6a1ca18d6198f4df7c5
../2018-NEON-beetles/group_images/A00000050026.jpg,A00000050026.jpg,a9997951faa7fbd3b152d3a99b158e9e
../2018-NEON-beetles/group_images/A00000046122.jpg,A00000046122.jpg,95a7d937c9bf996f5b4b32e5e76e3282
../2018-NEON-beetles/group_images/A00000050030.jpg,A00000050030.jpg,dd65e93b7acf20eba3e882b337ca27ef
../2018-NEON-beetles/group_images/A00000032879.jpg,A00000032879.jpg,49dc984122d3f5f90939ca98d4617f42
../2018-NEON-beetles/group_images/A00000046120.jpg,A00000046120.jpg,41c8b49fc7e24d78a09277fd722cfeb2
../2018-NEON-beetles/group_images/A00000050024.jpg,A00000050024.jpg,1ed98f813f5e2206bc8265e6459dd8d1
../2018-NEON-beetles/group_images/A00000046108.jpg,A00000046108.jpg,730dbd89335d068b155e0d4a3f0af540
../2018-NEON-beetles/group_images/A00000050018.jpg,A00000050018.jpg,e2b6f000a518278da281cbfa44b018eb
../2018-NEON-beetles/group_images/A00000034561.jpg,A00000034561.jpg,ffa0a57adc4adb269f93dd3b9530ab8f
../2018-NEON-beetles/group_images/A00000033568.jpg,A00000033568.jpg,463c94a78ff9cbdac1c26d4921e52103
../2018-NEON-beetles/group_images/A00000034549.jpg,A00000034549.jpg,bff5976e32840250ca271d983387fd24
../2018-NEON-beetles/group_images/A00000040747.jpg,A00000040747.jpg,a0f0769d815b99bf5c38ab005faf2d67
../2018-NEON-beetles/group_images/A00000041303.jpg,A00000041303.jpg,07907b4d8f66a307102dedae822149ed
../2018-NEON-beetles/group_images/A00000056858.jpg,A00000056858.jpg,7f31dcf100b76284f1c10f33231f7b0c
../2018-NEON-beetles/group_images/A00000008918.jpg,A00000008918.jpg,0c0625a7e2844b66f2daf0bb120c779c
../2018-NEON-beetles/group_images/A00000056864.jpg,A00000056864.jpg,9ad65a4cd17186573c87634b68b4e06b
../2018-NEON-beetles/group_images/A00000033622.jpg,A00000033622.jpg,a254024fb4a125ec5f04a4ffa8153e94
../2018-NEON-beetles/group_images/RMNP_012.S.20180820.PTERES.01(10).jpg,RMNP_012.S.20180820.PTERES.01(10).jpg,30ead621f6735dfa79ce01095c367c09
../2018-NEON-beetles/group_images/A00000033636.jpg,A00000033636.jpg,d3b36645e0a33cdd452660195f0fda67
../2018-NEON-beetles/group_images/A00000051528.jpg,A00000051528.jpg,6ad0cb8292a506b99471765266c075bc
../2018-NEON-beetles/group_images/MLBS_002.E.20180522.CARABID.07(27).jpg,MLBS_002.E.20180522.CARABID.07(27).jpg,1f3a135d4ecfc36653e704a453e031ae
../2018-NEON-beetles/group_images/A00000046097.jpg,A00000046097.jpg,5d474468b6399ebeba91cc2f6f1b0604
../2018-NEON-beetles/group_images/A00000046096.jpg,A00000046096.jpg,3b06138b93a9796764c9e4f672e70aa7
../2018-NEON-beetles/group_images/A00000046082.jpg,A00000046082.jpg,f1944309070bf9a575dcd5b1ebd7bd50
../2018-NEON-beetles/group_images/A00000156508.jpg,A00000156508.jpg,9a0bd5fa9ce1d45cc012cdb20426714b
../2018-NEON-beetles/group_images/A00000046069.jpg,A00000046069.jpg,32c9f284eab708fe3cadc5e9b7ce6d56
../2018-NEON-beetles/group_images/A00000051529.jpg,A00000051529.jpg,cca4f6285a7b17132bea335722e4225e
../2018-NEON-beetles/group_images/A00000033637.jpg,A00000033637.jpg,6f5f512c77762cabce0e2b12e40b9644
../2018-NEON-beetles/group_images/A00000033623.jpg,A00000033623.jpg,b5705b094cde0949138c268ad0f86193
../2018-NEON-beetles/group_images/A00000069263.jpg,A00000069263.jpg,498d0051560ae66fb4462b43dfefd877
../2018-NEON-beetles/group_images/MLBS_009.E.20180522.CARABIDS.01.jpg,MLBS_009.E.20180522.CARABIDS.01.jpg,84a3691b08f19c8094ba9d851070f5c2
../2018-NEON-beetles/group_images/A00000056859.jpg,A00000056859.jpg,9195b6dab236740d42cbfbecac86e297
../2018-NEON-beetles/group_images/A00000034548.jpg,A00000034548.jpg,f25fb7a6f5658ef059ce7797ad69b720
../2018-NEON-beetles/group_images/A00000044093.jpg,A00000044093.jpg,e1b3c458cc440df2bcaca2e803eefc0e
../2018-NEON-beetles/group_images/A00000034560.jpg,A00000034560.jpg,629eed8488c92079d086097db56029c1
../2018-NEON-beetles/group_images/A00000033569.jpg,A00000033569.jpg,9a9e1f5a37397af4fa27b0d139f85088
../2018-NEON-beetles/group_images/A00000050019.jpg,A00000050019.jpg,83e925714f84a1770be281d445d20ce8
../2018-NEON-beetles/group_images/B00000006956.jpg,B00000006956.jpg,bfa7fc4a6dbc888f58fa546ee7fdd65f
../2018-NEON-beetles/group_images/A00000046121.jpg,A00000046121.jpg,aecf4b4a675bf0f93edb9040f1f838af
../2018-NEON-beetles/group_images/A00000032878.jpg,A00000032878.jpg,ead50429b2ab8bb6e1e9b2cbe24aa371
../2018-NEON-beetles/group_images/A00000050025.jpg,A00000050025.jpg,169e7a3f1a345400d3e3ce84c8831a4c
../2018-NEON-beetles/group_images/A00000050031.jpg,A00000050031.jpg,5fc7ed6b3efcdb6637f1ce2965399295
../2018-NEON-beetles/group_images/A00000009168.jpg,A00000009168.jpg,de4355c044159ed21143c3063f794485
../2018-NEON-beetles/group_images/A00000046119.jpg,A00000046119.jpg,a494025febd9bf69812e09837beaea06
../2018-NEON-beetles/group_images/A00000033586.jpg,A00000033586.jpg,cd99ea2ac54270bccdbc62f8211cd039
../2018-NEON-beetles/group_images/A00000059777.jpg,A00000059777.jpg,2c76cba4a5f3c70a30930b61cf230a4c
../2018-NEON-beetles/group_images/A00000050035.jpg,A00000050035.jpg,ebf8a3f1c9597e1f80681880931f69dc
../2018-NEON-beetles/group_images/A00000050021.jpg,A00000050021.jpg,9ea083aa2267e3104212b7adbcc91fa5
../2018-NEON-beetles/group_images/RMNP_012.S.20180723.PTERES.01(11).jpg,RMNP_012.S.20180723.PTERES.01(11).jpg,c6a600ab82a2f734b1c371668c473964
../2018-NEON-beetles/group_images/A00000034558.jpg,A00000034558.jpg,f2142501aa6a9e22d87d55dd2b65d1c8
../2018-NEON-beetles/group_images/A00000059788.jpg,A00000059788.jpg,a0f04a3547140fb30dc04d3559e31d7e
../2018-NEON-beetles/group_images/A00000034564.jpg,A00000034564.jpg,4f987311edb1032847e23c871fee05f0
../2018-NEON-beetles/group_images/A00000034570.jpg,A00000034570.jpg,facc5ab940b2f47c35b6a89b5ea67bfe
../2018-NEON-beetles/group_images/BART_079.E.20180627.SYNIMP.01.jpg,BART_079.E.20180627.SYNIMP.01.jpg,9c11f8e732ecb901c318c6c357e25e45
../2018-NEON-beetles/group_images/A00000056861.jpg,A00000056861.jpg,b4140580dce63f962094b7bdf968b122
../2018-NEON-beetles/group_images/A00000006924.jpg,A00000006924.jpg,4ee862a3969b432c296ffc7de937afac
../2018-NEON-beetles/group_images/A00000008921.jpg,A00000008921.jpg,5a12c382879b4d96be0ad0e0ec4e7128
../2018-NEON-beetles/group_images/A00000022058.jpg,A00000022058.jpg,776da14452f554433d31a58079cfa555
../2018-NEON-beetles/group_images/A00000069267.jpg,A00000069267.jpg,bcc686778c36413afe0dbc98811f58b4
../2018-NEON-beetles/group_images/A00000069273.jpg,A00000069273.jpg,ea109e561c956fbeb841e0d6ba51ba71
../2018-NEON-beetles/group_images/B00000006371.jpg,B00000006371.jpg,9ef19eda59bf25f357e25fc3f17edf79
../2018-NEON-beetles/group_images/A00000046079.jpg,A00000046079.jpg,0532aa832656c8aa6609bd42f0aa1054
../2018-NEON-beetles/group_images/A00000051539.jpg,A00000051539.jpg,77e15e658c3e643a9b00a4724c34b31b
../2018-NEON-beetles/group_images/A00000046086.jpg,A00000046086.jpg,a10e1a58791d42a14908ec40be93752e
../2018-NEON-beetles/group_images/A00000046092.jpg,A00000046092.jpg,826a93fb8a8dd9a77c2db84a41a8f212
../2018-NEON-beetles/group_images/A00000046093.jpg,A00000046093.jpg,d2a85b4b029bae1af0f979a133dffa4f
../2018-NEON-beetles/group_images/A00000046087.jpg,A00000046087.jpg,bdeaf95506724eb33e5dd8ae9b0a38d3
../2018-NEON-beetles/group_images/A00000051538.jpg,A00000051538.jpg,518a25c6b739b1b2196fd1202bf4738a
../2018-NEON-beetles/group_images/A00000046078.jpg,A00000046078.jpg,fd25edbcfbf8b42c9cf1a74e9b5766c1
../2018-NEON-beetles/group_images/A00000012429.jpg,A00000012429.jpg,6c6563a87892c174958a2eb3cd81a183
../2018-NEON-beetles/group_images/A00000069266.jpg,A00000069266.jpg,fc4e2eb52ce46d510b2cd98856d34c42
../2018-NEON-beetles/group_images/A00000056900.jpg,A00000056900.jpg,98b28720a55aedc2fc3849a65ce5a2b1
../2018-NEON-beetles/group_images/BART_079.W.20160913.PTECORI.01.jpg,BART_079.W.20160913.PTECORI.01.jpg,79ec6d71a580c4119b558ec045f93867
../2018-NEON-beetles/group_images/GRSM_022.20180417.CARGOR.01.jpg,GRSM_022.20180417.CARGOR.01.jpg,16ad205b687b6a24cb192ecf45fcc23f
../2018-NEON-beetles/group_images/A00000008920.jpg,A00000008920.jpg,c77494d3177a5f32a410c99470d71e35
../2018-NEON-beetles/group_images/A00000056860.jpg,A00000056860.jpg,2e373b9d0b65e703be1262953517e9bc
../2018-NEON-beetles/group_images/A00000049798.jpg,A00000049798.jpg,2e4e8c8bc35c9771bdc0d82e285b744f
../2018-NEON-beetles/group_images/A00000049773.jpg,A00000049773.jpg,deebb311b2211a413f5ce12f3326950f
../2018-NEON-beetles/group_images/A00000034565.jpg,A00000034565.jpg,6c9140fe3c6d8f49db376c6bd0dfe960
../2018-NEON-beetles/group_images/A00000034559.jpg,A00000034559.jpg,b7bada5a448b3fb7f3c48bb88a7ac1cb
../2018-NEON-beetles/group_images/A00000050020.jpg,A00000050020.jpg,4239c6ec19be5f7d5bc07e03d199c976
../2018-NEON-beetles/group_images/A00000046124.jpg,A00000046124.jpg,8287fca0a2e850c2a3a73fc600ad427d
../2018-NEON-beetles/group_images/A00000095368.jpg,A00000095368.jpg,e4d566009945ebe37ec4804ffe52129c
../2018-NEON-beetles/group_images/A00000050034.jpg,A00000050034.jpg,95fbaf1fe6c1be88fef139fed9cf684a
../2018-NEON-beetles/group_images/A00000059776.jpg,A00000059776.jpg,ba96341e69812c5c43bea011dab375d9
../2018-NEON-beetles/group_images/A00000033587.jpg,A00000033587.jpg,07141abb67b9a62f533721f66af52123
../2018-NEON-beetles/group_images/A00000046118.jpg,A00000046118.jpg,cb82f4acea5407f485a2e2263c2a45b5
../2018-NEON-beetles/group_images/A00000033585.jpg,A00000033585.jpg,37a7fb236e3e557fad52d3d5c1f6f054
../2018-NEON-beetles/group_images/A00000041107.jpg,A00000041107.jpg,65bde3d1172c371a035639e2a50369cb
../2018-NEON-beetles/group_images/A00000050022.jpg,A00000050022.jpg,41d2eabd7d7da64efa415638b5bd9674
../2018-NEON-beetles/group_images/A00000009143.jpg,A00000009143.jpg,a08add2a0c03cc118e54a7ae90a44b1b
../2018-NEON-beetles/group_images/A00000050036.jpg,A00000050036.jpg,f1dfa757b15ab102ee7abf2f4640bcc6
../2018-NEON-beetles/group_images/A00000032880.jpg,A00000032880.jpg,a2f6c0512204c6ea70701fa002dbf74d
../2018-NEON-beetles/group_images/STER_006.E.20180726.CYCTOR.01(15).jpg,STER_006.E.20180726.CYCTOR.01(15).jpg,217094b50ba7346d5d8c46ee72d8cea3
../2018-NEON-beetles/group_images/A00000044094.jpg,A00000044094.jpg,688c7797a042f787ee636355441a1cd7
../2018-NEON-beetles/group_images/A00000034567.jpg,A00000034567.jpg,de59d8fc45003ca1abe4024240cdf380
../2018-NEON-beetles/group_images/A00000049759.jpg,A00000049759.jpg,5510b4e63592da9a4a2d3a2c1969d581
../2018-NEON-beetles/group_images/A00000056862.jpg,A00000056862.jpg,15d90142683ed981cdcea0d587a0f2e9
../2018-NEON-beetles/group_images/NIWO_005.W.20180619.CYMUNI1.01(10).jpg,NIWO_005.W.20180619.CYMUNI1.01(10).jpg,4f9b561f34f91e94920dcf2099caabfc
../2018-NEON-beetles/group_images/A00000126375.jpg,A00000126375.jpg,ad1e5cbdfa52a3fc384085fa706a2faa
../2018-NEON-beetles/group_images/A00000033624.jpg,A00000033624.jpg,d6cbea6c016cba97fafd1d8f86672fcc
../2018-NEON-beetles/group_images/A00000069258.jpg,A00000069258.jpg,26ac13d3e06aba5d63585f423f539d78
../2018-NEON-beetles/group_images/A00000069270.jpg,A00000069270.jpg,70f596e735fb587163bf570c1cbf1720
../2018-NEON-beetles/group_images/A00000033618.jpg,A00000033618.jpg,996389657f96326febc72198be10f210
../2018-NEON-beetles/group_images/A00000046091.jpg,A00000046091.jpg,10169e8cfa435bba3af18f10a53805ae
../2018-NEON-beetles/group_images/A00000046090.jpg,A00000046090.jpg,47892352aad344e34e62a7be2f305812
../2018-NEON-beetles/group_images/A00000033619.jpg,A00000033619.jpg,0e893193f52687a432e7aee29d156075
../2018-NEON-beetles/group_images/A00000069265.jpg,A00000069265.jpg,c2b4d0af7cab53b944bc57477e3b105c
../2018-NEON-beetles/group_images/A00000069271.jpg,A00000069271.jpg,4ab6bcae53e60490d7394d36157ce56b
../2018-NEON-beetles/group_images/A00000142976.jpg,A00000142976.jpg,7644ccc30ab3d44cc63c535957c99b54
../2018-NEON-beetles/group_images/A00000069259.jpg,A00000069259.jpg,c140d4cf3091a6dddd9598f2faa63409
../2018-NEON-beetles/group_images/RMNP_014.W.20180820.CALADV.01(12).jpg,RMNP_014.W.20180820.CALADV.01(12).jpg,4c86b488c4f3fc07bb8dfd088234b54a
../2018-NEON-beetles/group_images/A00000008937.jpg,A00000008937.jpg,d5e07321efc3e4638351bdc618929060
../2018-NEON-beetles/group_images/A00000056863.jpg,A00000056863.jpg,9ba62d1eb0c9a026aed2bbf3b1d16c62
../2018-NEON-beetles/group_images/A00000034566.jpg,A00000034566.jpg,06882269d8c3d12723bce44ced0ea433
../2018-NEON-beetles/group_images/A00000032895.jpg,A00000032895.jpg,13f8c92c5566f03b4688998478446664
../2018-NEON-beetles/group_images/BART_081.S.20180712.SYNIMP.01.jpg,BART_081.S.20180712.SYNIMP.01.jpg,7a1259d08567920ff9e7becfa093e101
../2018-NEON-beetles/group_images/A00000050037.jpg,A00000050037.jpg,3d5d51ed7a379a9c81f885bdba136507
../2018-NEON-beetles/group_images/A00000059775.jpg,A00000059775.jpg,39b0d6805f8454df4a90a7b7ac9c136d
../2018-NEON-beetles/group_images/A00000050023.jpg,A00000050023.jpg,46e75f8c879ef84ec451772a4cbfdd31
../2018-NEON-beetles/group_images/A00000033590.jpg,A00000033590.jpg,877d58d44145443961b8e1d80589c90e
../2018-NEON-beetles/group_images/A00000033584.jpg,A00000033584.jpg,54d43929e987e564eedff0ca7c7f4aec
../2018-NEON-beetles/group_images/A00000046154.jpg,A00000046154.jpg,b20603c53343e28d4f635d9602fe16c4
../2018-NEON-beetles/group_images/A00000046183.jpg,A00000046183.jpg,c4e8ded1a85d450925bd7e2ffce959f4
../2018-NEON-beetles/group_images/A00000041377.jpg,A00000041377.jpg,8ae6dba2c65e7087d07eedf6ba7456c5
../2018-NEON-beetles/group_images/A00000041411.jpg,A00000041411.jpg,2207c154fe8e3fb50aaf5f0ecf63e705
../2018-NEON-beetles/group_images/A00000051602.jpg,A00000051602.jpg,2fec0998f41c13344ad32548fb328216
../2018-NEON-beetles/group_images/A00000051616.jpg,A00000051616.jpg,902e8e24a4576ca627c94cf79d216796
../2018-NEON-beetles/group_images/A00000051170.jpg,A00000051170.jpg,539f73242a1eb1d2feb9f08aba2f0df5
../2018-NEON-beetles/group_images/A00000041363.jpg,A00000041363.jpg,fec401f67955d2d5e932e44c3b6467b6
../2018-NEON-beetles/group_images/A00000008978.jpg,A00000008978.jpg,060abfe30c846200284dd94777b7c88b
../2018-NEON-beetles/group_images/A00000012920.jpg,A00000012920.jpg,d6beb2ff70e118c85475f1d14f8d6148
../2018-NEON-beetles/group_images/A00000040684.jpg,A00000040684.jpg,da2066bc3e00d9203b54cf1b7f74f466
../2018-NEON-beetles/group_images/A00000040690.jpg,A00000040690.jpg,b08cacacec93149525dd6e151398f123
../2018-NEON-beetles/group_images/A00000033656.jpg,A00000033656.jpg,7a61d4a1896a3b1d935f74356ace5805
../2018-NEON-beetles/group_images/A00000051548.jpg,A00000051548.jpg,449d5f6ec21efc1e573467f173175642
../2018-NEON-beetles/group_images/A00000032979.jpg,A00000032979.jpg,5d5d7700afa6802ac1d3d7d434ccf1b5
../2018-NEON-beetles/group_images/MLBS_009.S.20180522.jpg,MLBS_009.S.20180522.jpg,cea785447c8a58cb3fb90919d813ba84
../2018-NEON-beetles/group_images/A00000044187.jpg,A00000044187.jpg,c7347cddd7f96fe7c0753abd6b6b1f5b
../2018-NEON-beetles/group_images/A00000051575.jpg,A00000051575.jpg,bdf57bcd09a886f03a25d1a042807815
../2018-NEON-beetles/group_images/A00000051549.jpg,A00000051549.jpg,c9a6dfd8ad3fc69fc8662a8b05f5fb75
../2018-NEON-beetles/group_images/A00000033657.jpg,A00000033657.jpg,35e4a7b8330735ac6e1d654b6432f20c
../2018-NEON-beetles/group_images/A00000040691.jpg,A00000040691.jpg,ddc29248f69e74da18ce55f31db3ed27
../2018-NEON-beetles/group_images/A00000051617.jpg,A00000051617.jpg,48f01e5aac0fb7e47837d3eb290609cb
../2018-NEON-beetles/group_images/A00000051171.jpg,A00000051171.jpg,a5e1f6dac25fca1d80d55adbcb560a97
../2018-NEON-beetles/group_images/A00000051165.jpg,A00000051165.jpg,95e292f17a0c3a6d7364ebe8ea893d9c
../2018-NEON-beetles/group_images/A00000051603.jpg,A00000051603.jpg,b9a32d204b3828bcc16cc30b1ed3d7da
../2018-NEON-beetles/group_images/A00000040726.jpg,A00000040726.jpg,4171b137cea6748fc6355a9d661c433d
../2018-NEON-beetles/group_images/A00000046182.jpg,A00000046182.jpg,478bee480455faa68f5d7e385aa38651
../2018-NEON-beetles/group_images/A00000046180.jpg,A00000046180.jpg,db2ae84ca2b692c389964a4327f8c136
../2018-NEON-beetles/group_images/A00000008984.jpg,A00000008984.jpg,4dc67d01b20cf2c9096d1f8c435d09bd
../2018-NEON-beetles/group_images/A00000040730.jpg,A00000040730.jpg,b7bfb7c57afb5d28eb9a2424fcbadaf8
../2018-NEON-beetles/group_images/RMNP_012.S.20180723.CALADV.01(16).jpg,RMNP_012.S.20180723.CALADV.01(16).jpg,05e379cca0b16dedab4ad32f76cc7d54
../2018-NEON-beetles/group_images/A00000051173.jpg,A00000051173.jpg,ec22bbc860c2f896d12b41d9522a330d
../2018-NEON-beetles/group_images/A00000051615.jpg,A00000051615.jpg,eecaa3d4205abda79ab24753fd3f689d
../2018-NEON-beetles/group_images/A00000051601.jpg,A00000051601.jpg,b6de08b4eb53dcc59d9b31eec57449ec
../2018-NEON-beetles/group_images/A00000051167.jpg,A00000051167.jpg,9dd755f49624327c0fb8ce1c5b75ef7f
../2018-NEON-beetles/group_images/A00000012923.jpg,A00000012923.jpg,0816b6020416eb61531c9b73d8e75cad
../2018-NEON-beetles/group_images/A00000040678.jpg,A00000040678.jpg,c50639adbf3ea1adee57ca07a63567d6
../2018-NEON-beetles/group_images/A00000040693.jpg,A00000040693.jpg,2b45dd9dd998b4f5b901948edad5086d
../2018-NEON-beetles/group_images/A00000040687.jpg,A00000040687.jpg,864f5e70684e1f11deadc134d50b80b3
../2018-NEON-beetles/group_images/A00000033669.jpg,A00000033669.jpg,9ae07411801418ddf44157ccc6c1d7d9
../2018-NEON-beetles/group_images/DELA_014.W.20180716.DICFUR2.01.jpg,DELA_014.W.20180716.DICFUR2.01.jpg,d8dca21471c963b33dd151eb8b3d614d
../2018-NEON-beetles/group_images/A00000033641.jpg,A00000033641.jpg,b741ab739a53574789a728a4fb31d47b
../2018-NEON-beetles/group_images/A00000033655.jpg,A00000033655.jpg,7ce0a537359419dbfba0e09160e8c9f7
../2018-NEON-beetles/group_images/YELL_011.20180809.CYMCRI.01.jpg,YELL_011.20180809.CYMCRI.01.jpg,cf083ad67fd87473c365d67a4c7ef939
../2018-NEON-beetles/group_images/A00000051577.jpg,A00000051577.jpg,7c3c7ca70e985dea5f91a3b1eab02866
../2018-NEON-beetles/group_images/A00000051588.jpg,A00000051588.jpg,e01d33e10a83b46c9eb8a0dee08823cc
../2018-NEON-beetles/group_images/A00000051589.jpg,A00000051589.jpg,f34d4651988c2dd1fc5ee556483436a7
../2018-NEON-beetles/group_images/A00000051576.jpg,A00000051576.jpg,c82495556453d0972d7d0586517ed47c
../2018-NEON-beetles/group_images/A00000033654.jpg,A00000033654.jpg,3dce73bfe3de3757318163f997add75e
../2018-NEON-beetles/group_images/A00000033640.jpg,A00000033640.jpg,7826db50eb44e84f34de4544776cefcf
../2018-NEON-beetles/group_images/A00000033668.jpg,A00000033668.jpg,34c27007a15e9dde10fe1d4046b80b79
../2018-NEON-beetles/group_images/A00000040686.jpg,A00000040686.jpg,e244f65afeba40bbe0e2b73495321b5d
../2018-NEON-beetles/group_images/MLBS_008.S.20180522.CARGOR(18).jpg,MLBS_008.S.20180522.CARGOR(18).jpg,b51735bb97015ab441a9480f1db47f1d
../2018-NEON-beetles/group_images/A00000095905.jpg,A00000095905.jpg,4e5358fdffb5aead1c76099de7635146
../2018-NEON-beetles/group_images/A00000040692.jpg,A00000040692.jpg,13bf2cd9bbce5937206062b95bfd8e96
../2018-NEON-beetles/group_images/A00000040679.jpg,A00000040679.jpg,0cfff988818c61a6acb5824d552cb029
../2018-NEON-beetles/group_images/A00000008952.jpg,A00000008952.jpg,0314685b98fca757960501aa0ce2fa87
../2018-NEON-beetles/group_images/A00000051600.jpg,A00000051600.jpg,ccf65757b00d5f9f53aef7e87be2200a
../2018-NEON-beetles/group_images/A00000041413.jpg,A00000041413.jpg,2353865e18169298e10fa1cc304e40c4
../2018-NEON-beetles/group_images/A00000051166.jpg,A00000051166.jpg,c1c7dcf198c1c57fc73ec8efe7af8bcc
../2018-NEON-beetles/group_images/A00000041361.jpg,A00000041361.jpg,ccbf44db335cafc24e8b3b75db17f241
../2018-NEON-beetles/group_images/A00000051172.jpg,A00000051172.jpg,11877db7abf5f3935ec8b0d2c9105268
../2018-NEON-beetles/group_images/A00000040719.jpg,A00000040719.jpg,4d99afec96a0925cceb7ec0a6d1fbb7f
../2018-NEON-beetles/group_images/A00000051614.jpg,A00000051614.jpg,3c208ccde4dca6828aa2998eda7be0f1
../2018-NEON-beetles/group_images/A00000046181.jpg,A00000046181.jpg,36812201f0bed334bab8d99ae673ec1a
../2018-NEON-beetles/group_images/GRSM_012.20180417.CARGOR.01.jpg,GRSM_012.20180417.CARGOR.01.jpg,8a69878b360fc706e557045fdf385f10
../2018-NEON-beetles/group_images/STER_026.W.20180906.HARPAR.01(10).jpg,STER_026.W.20180906.HARPAR.01(10).jpg,91b495d178a52e0e7e1fd1c787b2d21a
../2018-NEON-beetles/group_images/A00000050042.jpg,A00000050042.jpg,bc8b16197cde5f2e516a8e5cba538e46
../2018-NEON-beetles/group_images/A00000046185.jpg,A00000046185.jpg,67bda291ee647d100c7d04a715424494
../2018-NEON-beetles/group_images/A00000051610.jpg,A00000051610.jpg,ba2f9f5d7aa451d7745fa311ad64834a
../2018-NEON-beetles/group_images/A00000041403.jpg,A00000041403.jpg,2a5d17a7e4361ac251ceb0afc119c378
../2018-NEON-beetles/group_images/A00000051176.jpg,A00000051176.jpg,95cd2552f5311dda1beb668581c3c31a
../2018-NEON-beetles/group_images/A00000051162.jpg,A00000051162.jpg,b8b891ab05abedd57566333d5f118af4
../2018-NEON-beetles/group_images/A00000051604.jpg,A00000051604.jpg,b9681e45278fc4d607ee6810bb720882
../2018-NEON-beetles/group_images/BART_066.W.20180822.CYMCRI.01.jpg,BART_066.W.20180822.CYMCRI.01.jpg,7bd0ca8d58ba21f8f4a6ba9a4122b473
../2018-NEON-beetles/group_images/A00000008981.jpg,A00000008981.jpg,78b259ef098f56b6210d4343fbe7f7f3
../2018-NEON-beetles/group_images/A00000051189.jpg,A00000051189.jpg,6de6dedbb0a86a18ca8b0eeebde8ed70
../2018-NEON-beetles/group_images/A00000033687.jpg,A00000033687.jpg,50a487f8043395aaabc71b6c0dc52b92
../2018-NEON-beetles/group_images/MLBS_002.W.20180522.CARGOR(32).jpg,MLBS_002.W.20180522.CARGOR(32).jpg,3ac6d14cc358f23ebd6bfa28ce133897
../2018-NEON-beetles/group_images/A00000046224.jpg,A00000046224.jpg,dd67c2d389d89a26e51f5832a23e0896
../2018-NEON-beetles/group_images/A00000040696.jpg,A00000040696.jpg,bb191c532d0c101be0cc8d0ea597ffb0
../2018-NEON-beetles/group_images/MOAB_001.W.20180724.CICPUN.01.jpg,MOAB_001.W.20180724.CICPUN.01.jpg,f80e97c9ad5e52975b6cbdc936939820
../2018-NEON-beetles/group_images/TALL_003.S.20180725.TETCAR.01.jpg,TALL_003.S.20180725.TETCAR.01.jpg,089973f8d367be0a6cd4fbb905e6fc64
../2018-NEON-beetles/group_images/A00000043638.jpg,A00000043638.jpg,4a153b11c482052d24045d9b91f009ba
../2018-NEON-beetles/group_images/A00000051599.jpg,A00000051599.jpg,9709279ae19ccaa70c61fbc533c18f02
../2018-NEON-beetles/group_images/GRSM_020.20180417.CARGOR.01.jpg,GRSM_020.20180417.CARGOR.01.jpg,f8c8c35bdb233e5788d12b97f84d20be
../2018-NEON-beetles/group_images/A00000051598.jpg,A00000051598.jpg,7299015aa0d3f36e1afac6adbd6acaed
../2018-NEON-beetles/group_images/A00000040683.jpg,A00000040683.jpg,edf3bcf004b49f142ec052e1a9a8f283
../2018-NEON-beetles/group_images/A00000033651.jpg,A00000033651.jpg,e0c920edde6b156b5b11ff790573951a
../2018-NEON-beetles/group_images/A00000046225.jpg,A00000046225.jpg,3155c0be00b9e0b72198d0fbc5b2957c
../2018-NEON-beetles/group_images/A00000033692.jpg,A00000033692.jpg,53b98aa5dd8e57908ea547cc07626aa6
../2018-NEON-beetles/group_images/A00000033686.jpg,A00000033686.jpg,1f428e3514d3899db52f36ea16801911
../2018-NEON-beetles/group_images/A00000051188.jpg,A00000051188.jpg,501f7d9459d44cff4930380a44986690
../2018-NEON-beetles/group_images/A00000008980.jpg,A00000008980.jpg,20f41b14c615c9daad282e8646bde8b0
../2018-NEON-beetles/group_images/A00000040720.jpg,A00000040720.jpg,c586233861e85cd27eae9ce9996266dc
../2018-NEON-beetles/group_images/A00000051163.jpg,A00000051163.jpg,8a196da7c93aaf1cb1485192a6819394
../2018-NEON-beetles/group_images/A00000041416.jpg,A00000041416.jpg,656f81efa249f4d2f759e76b4a32be1a
../2018-NEON-beetles/group_images/A00000051605.jpg,A00000051605.jpg,469e4fd13548a9000af9f7f434ece5ec
../2018-NEON-beetles/group_images/A00000041402.jpg,A00000041402.jpg,a74b21579429526b333bf3c018e94c9a
../2018-NEON-beetles/group_images/A00000051611.jpg,A00000051611.jpg,00a7ca771af79d7ce174b5cf60c69afa
../2018-NEON-beetles/group_images/A00000051177.jpg,A00000051177.jpg,d3bc371eecfcc785ba6e518a0646eb03
../2018-NEON-beetles/group_images/A00000046184.jpg,A00000046184.jpg,9e74029f44f53b04716731ddccffbb93
../2018-NEON-beetles/group_images/A00000046179.jpg,A00000046179.jpg,fc6358fc7ff01eb108a430496f2ed909
../2018-NEON-beetles/group_images/A00000050041.jpg,A00000050041.jpg,447c4b2968625fe879f28ef59827fd40
../2018-NEON-beetles/group_images/A00000034538.jpg,A00000034538.jpg,7395ae3d9228f9e9780234f0c64ae46b
../2018-NEON-beetles/group_images/A00000046186.jpg,A00000046186.jpg,2a1c71ae384292c8969d01613d44d8f3
../2018-NEON-beetles/group_images/A00000051607.jpg,A00000051607.jpg,4c92fe91eaa95957a14ab057e76ebea5
../2018-NEON-beetles/group_images/A00000041414.jpg,A00000041414.jpg,f37cc6d93f9d142f38b2a49a08177aef
../2018-NEON-beetles/group_images/A00000051161.jpg,A00000051161.jpg,1950cb3fdebfdd602fa04ee3389bf45d
../2018-NEON-beetles/group_images/A00000051175.jpg,A00000051175.jpg,9cf58bc500c3a22018bd10f0033de9fd
../2018-NEON-beetles/group_images/A00000051613.jpg,A00000051613.jpg,c6b8432c0a1c650910b0a3cc34c75c17
../2018-NEON-beetles/group_images/A00000040722.jpg,A00000040722.jpg,a04a4873ba518685ca7dd6dac981eaa8
../2018-NEON-beetles/group_images/A00000041399.jpg,A00000041399.jpg,ffd9a2873f9433304bf806c54e15decf
../2018-NEON-beetles/group_images/A00000033690.jpg,A00000033690.jpg,ddc1074c206c9dd3509cda2136dac785
../2018-NEON-beetles/group_images/A00000046227.jpg,A00000046227.jpg,e75f87e8fb6cbf6b6742cda39945a627
../2018-NEON-beetles/group_images/A00000033653.jpg,A00000033653.jpg,03f3b5deebd8fcee9fb8c668385d3b57
../2018-NEON-beetles/group_images/MLBS_002.E.20180522.CARABID.D.CARGOR(30).jpg,MLBS_002.E.20180522.CARABID.D.CARGOR(30).jpg,a4d7085bef7d862a67febe5195f6471a
../2018-NEON-beetles/group_images/A00000040695.jpg,A00000040695.jpg,27c6239fb18377d2c7d43635056a9afe
../2018-NEON-beetles/group_images/A00000051559.jpg,A00000051559.jpg,dcf03cf670b1a5f22d4722a04a491779
../2018-NEON-beetles/group_images/A00000009083.jpg,A00000009083.jpg,ea0ddab1ec1053383c084022bcc80e90
../2018-NEON-beetles/group_images/HARV_005.E.20180619.SYNIMP.01.jpg,HARV_005.E.20180619.SYNIMP.01.jpg,c6bb3adc005c45382c63649143d5b5fd
../2018-NEON-beetles/group_images/A00000137178.jpg,A00000137178.jpg,860d4fc37df4f8a61c7a11f260e207ed
../2018-NEON-beetles/group_images/A00000032996.jpg,A00000032996.jpg,f601e4ee656cefd79cdf104de997882a
../2018-NEON-beetles/group_images/A00000051558.jpg,A00000051558.jpg,137068241c31137860239fdc82769111
../2018-NEON-beetles/group_images/A00000033652.jpg,A00000033652.jpg,b1e79478c51643e71f217fdb50df66cc
../2018-NEON-beetles/group_images/A00000046226.jpg,A00000046226.jpg,c5090d78d6ac97be83cddef5b59c3656
../2018-NEON-beetles/group_images/A00000033685.jpg,A00000033685.jpg,b78f85c95809e197e03e42af2304144b
../2018-NEON-beetles/group_images/A00000033691.jpg,A00000033691.jpg,96ff3d97c8772beb7b2f543a649e909b
../2018-NEON-beetles/group_images/A00000012924.jpg,A00000012924.jpg,a0b81a83d832ecaff5ba4f93703f3dcc
../2018-NEON-beetles/group_images/A00000040723.jpg,A00000040723.jpg,d3fa4be917f4d3c3ae404afb404e5c93
../2018-NEON-beetles/group_images/A00000051174.jpg,A00000051174.jpg,7618977d15a456b539ce64c5622f0536
../2018-NEON-beetles/group_images/A00000051612.jpg,A00000051612.jpg,9ded1d9dc2bda917903a93aca9f9ffd3
../2018-NEON-beetles/group_images/A00000051606.jpg,A00000051606.jpg,ec54711103f5a852e25161d4eaf19a2a
../2018-NEON-beetles/group_images/A00000046187.jpg,A00000046187.jpg,1419dcfe7c60e0a6940837b8bdf6e0d7
../2018-NEON-beetles/group_images/A00000034539.jpg,A00000034539.jpg,52ccfe34da611ace4a960fe7311a3beb
../2018-NEON-beetles/group_images/A00000050040.jpg,A00000050040.jpg,b9ed95c45b09778937670a1453ff960d
../2018-NEON-beetles/group_images/A00000003356.jpg,A00000003356.jpg,d4638e105ad0af9fb4301fcb2a3f3190
../2018-NEON-beetles/group_images/A00000046178.jpg,A00000046178.jpg,76a58d0cf5ad13939bdebda252e932c0
